kernel_name,Hits,Samples,nccl_input_message_size (avg),nccl_message_group_size (avg),nccl_output_message_size (avg)
"ncclDevKernel_SendRecv(ncclDevComm*, unsigned long, ncclWork*)",32610852,32610852,51363516,82.53632156,51366588.54
"ncclKernel_SendRecv_RING_SIMPLE_Sum_int8_t(ncclDevComm*, unsigned long, ncclWork*)",17845093,17845093,45644907.71,81.69099287,45630597.48
"ncclDevKernel_AllReduce_Sum_f32_RING_LL(ncclDevComm*, unsigned long, ncclWork*)",1841283,1841283,218125012.9,75.93087211,218125012.9
"ncclDevKernel_Broadcast_RING_LL(ncclDevComm*, unsigned long, ncclWork*)",1828163,1828163,75279871.99,18.87298671,859507758.4
"ncclDevKernel_Reduce_Sum_f16_RING_LL(ncclDevComm*, unsigned long, ncclWork*)",1570427,1570427,638873057.7,18.04619508,66314823.79
"ncclDevKernel_AllReduce_Sum_f32_TREE_LL(ncclDevComm*, unsigned long, ncclWork*)",1563502,1563502,24748994.98,118.7177605,24748994.98
"ncclKernel_AllReduce_RING_LL_Sum_float(ncclDevComm*, unsigned long, ncclWork*)",960381,960381,224309827.7,45.21856326,224309827.7
"ncclDevKernel_AllGather_RING_LL(ncclDevComm*, unsigned long, ncclWork*)",666346,666346,57715605.52,72.17683906,1000646044
"ncclKernel_AllGather_RING_LL_Sum_int8_t(ncclDevComm*, unsigned long, ncclWork*)",640052,640052,58649373.32,59.24308337,1438236725
"ncclKernel_AllReduce_TREE_LL_Sum_float(ncclDevComm*, unsigned long, ncclWork*)",621606,621606,65339844.71,296.4873505,65339844.71
"ncclKernel_Broadcast_RING_LL_Sum_int8_t(ncclDevComm*, unsigned long, ncclWork*)",418557,418557,98785959.87,12.53186543,862307225.9
"ncclDevKernel_ReduceScatter_Sum_f16_RING_LL(ncclDevComm*, unsigned long, ncclWork*)",314969,314969,653326648.1,55.93041855,41441177.09
"ncclDevKernel_Reduce_Sum_f32_RING_LL(ncclDevComm*, unsigned long, ncclWork*)",300868,300868,1950744629,21.63542816,118907843
"ncclKernel_Reduce_RING_LL_Sum_float(ncclDevComm*, unsigned long, ncclWork*)",207176,207176,1285465282,8.845696413,155284187.5
"ncclKernel_Reduce_RING_LL_Sum_half(ncclDevComm*, unsigned long, ncclWork*)",177362,177362,625672011.3,18.2337141,50444761.64
"ncclDevKernel_ReduceScatter_Sum_f32_RING_LL(ncclDevComm*, unsigned long, ncclWork*)",146789,146789,1060938944,38.70715108,101548078.1
"ncclKernel_ReduceScatter_RING_LL_Sum_float(ncclDevComm*, unsigned long, ncclWork*)",121859,121859,1370136256,14.59956179,137476863.8
"ncclKernel_ReduceScatter_RING_LL_Sum___nv_bfloat16(ncclDevComm*, unsigned long, ncclWork*)",111883,111883,2465716499,181.0784838,18324330.62
"ncclDevKernel_AllReduce_Sum_u64_TREE_LL(ncclDevComm*, unsigned long, ncclWork*)",103245,103245,7.999767543,46.44602644,7.999767543
"ncclKernel_AllReduce_RING_LL_Sum___nv_bfloat16(ncclDevComm*, unsigned long, ncclWork*)",72975,72975,72874139.68,12.82959918,72874139.68
"ncclKernel_ReduceScatter_RING_LL_Sum_half(ncclDevComm*, unsigned long, ncclWork*)",68804,68804,972678731.3,10.66798442,115623634.7
"ncclDevKernel_ReduceScatter_Sum_bf16_RING_LL(ncclDevComm*, unsigned long, ncclWork*)",68704,68704,1689055494,221.8989287,25295775.82
"ncclDevKernel_AllReduce_Sum_f16_TREE_LL(ncclDevComm*, unsigned long, ncclWork*)",62706,62706,491738.9672,133.6721845,491738.9672
"ncclDevKernel_AllReduce_Sum_f16_RING_LL(ncclDevComm*, unsigned long, ncclWork*)",34948,34948,754595091.9,90.68009614,754595091.9
"ncclDevKernel_AllReduce_Sum_bf16_RING_LL(ncclDevComm*, unsigned long, ncclWork*)",13579,13579,190406274.6,45.56771485,190406274.6
"ncclDevKernel_AllReduce_Sum_bf16_TREE_LL(ncclDevComm*, unsigned long, ncclWork*)",11159,11159,13630918.03,209.3492248,13630918.03
"ncclDevKernel_AllReduce_Sum_u32_TREE_LL(ncclDevComm*, unsigned long, ncclWork*)",9673,9673,2309.640029,83.46696992,2309.640029
"ncclKernel_AllReduce_TREE_LL_Sum_int64_t(ncclDevComm*, unsigned long, ncclWork*)",8704,8704,5.724264706,54.65808824,5.724264706
ncclDevKernel_SendRecv(ncclDevKernelArgsStorage<4096ul>),7175,7175,36921819.02,15.25073171,36927091.71
"ncclKernel_AllReduce_RING_LL_Sum_half(ncclDevComm*, unsigned long, ncclWork*)",5881,5881,6721939941,12.52712124,6721939941
"ncclKernel_AllReduce_TREE_LL_Sum___nv_bfloat16(ncclDevComm*, unsigned long, ncclWork*)",4353,4353,12795168.64,113.5988973,12795168.64
"ncclKernel_AllReduce_NVLS_LL_Sum___nv_bfloat16(ncclDevComm*, unsigned long, ncclWork*)",1721,1721,0,0,0
"ncclKernel_AllReduce_TREE_LL_Sum_int32_t(ncclDevComm*, unsigned long, ncclWork*)",1620,1620,1103.244444,32.88888889,1103.244444
"ncclKernel_AllReduce_TREE_LL_Sum_double(ncclDevComm*, unsigned long, ncclWork*)",1068,1068,346.3670412,48.41947566,346.3670412
"ncclKernel_AllReduce_TREE_LL_Sum_uint8_t(ncclDevComm*, unsigned long, ncclWork*)",876,876,794811.032,48.51141553,794811.032
"ncclKernel_AllReduce_RING_LL_Sum_int32_t(ncclDevComm*, unsigned long, ncclWork*)",823,823,551.6500608,7.732685298,551.6500608
ncclDevKernel_AllGather_RING_LL(ncclDevKernelArgsStorage<4096ul>),336,336,71628736,11.42857143,732621238.9
"ncclKernel_AllReduce_NVLS_LL_Sum_float(ncclDevComm*, unsigned long, ncclWork*)",297,297,8264684.795,8,8264684.795
ncclDevKernel_ReduceScatter_Sum_f16_RING_LL(ncclDevKernelArgsStorage<4096ul>),192,192,723517440,8,90439680
ncclDevKernel_AllReduce_Sum_f32_RING_LL(ncclDevKernelArgsStorage<4096ul>),144,144,1390706157,16,1390706157
"ncclKernel_AllReduce_NVLS_TREE_LL_Sum_float(ncclDevComm*, unsigned long, ncclWork*)",96,96,26084187,24,26084187
"ncclKernel_AllReduce_TREE_LL_Sum_half(ncclDevComm*, unsigned long, ncclWork*)",32,32,153476098,16,153476098
"ncclKernel_AllReduce_RING_LL_Sum_double(ncclDevComm*, unsigned long, ncclWork*)",16,16,27752,8,27752
"ncclKernel_AllReduce_RING_LL_Sum_int64_t(ncclDevComm*, unsigned long, ncclWork*)",9,9,8,8,8
"ncclDevKernel_AllReduce_Sum_u64_RING_LL(ncclDevComm*, unsigned long, ncclWork*)",8,8,8,8,8
"ncclKernel_AllReduce_RING_LL_Sum_uint8_t(ncclDevComm*, unsigned long, ncclWork*)",8,8,131072,8,131072